metric,n_A,n_B,mean_delta_A,mean_delta_B,t_p
kss_mean,15,13,-0.08698412698412712,-0.4597069597069595,0.2530114654208518
