group,mean,std,count
A,4.117460317460317,1.4770183585802963,105
B,4.412087912087912,1.1942094495814135,91
